iter	Accuracy	Logloss
0	0.9513209393	0.617233518
99	0.9527886497	0.1376517664
